{
	"F-015005": [52.50818,13.39911],
	"F-015006": [52.50818,13.39911],
	"F-015010": [52.50818,13.39911],
	"F-015015": [52.50766,13.39035],
	"F-015035": [52.51631,13.37677],
	"F-015038": [52.5162730950322,13.3773243427277],
	"F-015046": [52.50766,13.39035],
	"F-015050": [52.5162730950322,13.3773243427277],
	"F-015057": [52.53978,13.4016],
	"F-015063": [52.54055,13.40432],
	"F-015066": [52.53804,13.14229],
	"F-015068": [52.53804,13.14229],
	"F-015071": [52.5183,13.37686],
	"F-015074": [52.50808,13.39721],
	"F-015079": [52.5547,13.1473],
	"F-015080": [52.5547,13.1473],
	"F-015086": [52.46229,13.47653],
	"F-015093": [52.4611086085182,13.4805250167847],
	"F-015094": [52.50766,13.39035],
	"F-015098": [52.5957,13.1541],
	"F-015104": [52.50818,13.39911],
	"F-015118": [52.50818,13.39911],
	"F-015125": [52.53978,13.4016],
	"F-015126": [52.53978,13.4016],
	"F-015129": [52.54055,13.40432],
	"F-015135": [52.53978,13.4016],
	"F-015153": [52.53825,13.39601],
	"F-015157": [52.55466,13.39815],
	"F-015164": [52.50781,13.39233],
	"F-015166": [52.50781,13.39233],
	"F-015172": [52.62757,13.31132],
	"F-015178": [52.39174,13.13178],
	"F-015180": [52.3887426025356,13.1281685829163],
	"F-015184": [52.53942,13.14286],
	"F-015204": [52.50487,13.41174],
	"F-015211": [52.5636,13.1545],
	"F-015214": [52.50781,13.39233],
	"F-015217": [52.51631,13.37677],
	"F-015222": [52.51469,13.37762],
	"F-015231": [52.50735,13.42829],
	"F-015235": [52.4182306649397,13.1964468955994],
	"F-015237": [52.4182306649397,13.1964468955994],
	"F-015241": [52.5017961753873,13.4456992149353],
	"F-015247": [52.5017961753873,13.4456992149353],
	"F-015292": [52.53547,13.39012],
	"F-015304": [52.53978,13.4016],
	"F-015324": [52.50127,13.44471],
	"F-015335": [52.50447,13.435],
	"F-015344": [52.62757,13.31132],
	"F-015369": [52.53942,13.14286],
	"F-015378": [52.55466,13.39815],
	"F-015392": [52.5387267156598,13.3769702911377],
	"F-015404": [52.53802,13.37576],
	"F-015416": [52.50781,13.39233],
	"F-015433": [52.50766,13.39035],
	"F-015436": [52.50743,13.38554],
	"F-015445": [52.53978,13.4016],
	"F-015446": [52.53547,13.39012],
	"F-015453": [52.50406,13.41423],
	"F-015457": [52.5048199404718,13.4147572517395],
	"F-015468": [52.5636,13.1545],
	"F-015480": [52.641,13.2836],
	"F-015508": [52.50951,13.37657],
	"F-015518": [52.50888,13.37852],
	"F-015528": [52.55466,13.39815],
	"F-015531": [52.53348,13.38742],
	"F-015532": [52.53881,13.39795],
	"F-015694": [52.5402145151447,13.3794164657593],
	"F-015697": [52.50766,13.39035],
	"F-015726": [52.51774,13.37682],
	"F-015762": [52.4182306649397,13.1964468955994],
	"F-015763": [52.6257433340115,13.3697175979614],
	"F-015764": [52.51774,13.37682],
	"F-015773": [52.5183,13.37686],
	"F-015778": [52.5162730950322,13.3773243427277],
	"F-015785": [52.51774,13.37682],
	"F-015786": [52.53547,13.39012],
	"F-015787": [52.48682,13.45122],
	"F-015827": [52.3916300955824,13.1272459030151],
	"F-020001": [52.50127,13.44471],
	"F-020003": [52.50735,13.42829],
	"F-020015": [52.53614,13.39124],
	"F-020171": [52.50951,13.37657],
	"F-020172": [52.51249,13.37696],
	"F-020173": [52.50951,13.37657],
	"F-020174": [52.53793,13.37305],
	"F-020175": [52.53793,13.37305],
	"F-020177": [52.5373,13.3745],
	"F-020182": [52.5387267156598,13.3769702911377],
	"F-020184": [52.53348,13.38742],
	"F-020185": [52.53348,13.38742],
	"F-020186": [52.53614,13.39124],
	"F-020188": [52.53614,13.39124],
	"F-020190": [52.53744,13.39327],
	"F-020196": [52.53881,13.39795],
	"F-020203": [52.54055,13.40432],
	"F-020205": [52.53978,13.4016],
	"F-020220": [52.4894,13.4402],
	"F-020225": [52.49375,13.44304],
	"F-020230": [52.49725,13.44889],
	"F-020234": [52.5017961753873,13.4456992149353],
	"F-020242": [52.50364,13.41071],
	"F-020245": [52.50781,13.39233],
	"F-020249": [52.50781,13.39233],
	"F-020255": [52.50766,13.39035],
	"F-020257": [52.50766,13.39035],
	"F-020260": [52.50951,13.37657],
	"F-020272": [52.51638,13.37889],
	"F-020392": [52.5341063853505,13.1419658660889],
	"F-020395": [52.41347,13.09019],
	"F-020403": [52.60143,13.20574],
	"F-020437": [52.50819,13.40386],
	"F-020441": [52.50766,13.39035],
	"F-020444": [52.50818,13.39911],
	"F-020445": [52.50818,13.39911],
	"F-020447": [52.50781,13.39233],
	"F-020455": [52.53547,13.39012],
	"F-020467": [52.50477,13.41207],
	"F-020532": [52.50766,13.39035],
	"F-020533": [52.50766,13.39035],
	"F-020535": [52.53978,13.4016],
	"F-020536": [52.53348,13.38742],
	"F-020542": [52.5075,13.3854],
	"F-020545": [52.50641,13.42753],
	"F-020548": [52.50819,13.40386],
	"F-020551": [52.54055,13.40432],
	"F-020552": [52.54034,13.40474],
	"F-020554": [52.56961,13.38842],
	"F-020557": [52.3887,13.13089],
	"F-020559": [52.53744,13.39327],
	"F-020560": [52.53978,13.4016],
	"F-020561": [52.53911,13.399],
	"F-020562": [52.53942,13.4003],
	"F-020563": [52.53744,13.39327],
	"F-020564": [52.53744,13.39327],
	"F-020567": [52.53744,13.39327],
	"F-020571": [52.51249,13.37696],
	"F-020572": [52.5133,13.3775],
	"F-020576": [52.50428,13.41687],
	"F-020578": [52.41076,13.10897],
	"F-020579": [52.41076,13.10897],
	"F-020581": [52.50477,13.41207],
	"F-020582": [52.51631,13.37677],
	"F-020620": [52.59765,13.3739],
	"F-020643": [52.53744,13.39327],
	"F-020652": [52.53671,13.38353],
	"F-020655": [52.5373,13.3745],
	"F-020656": [52.52783,13.3739],
	"F-020660": [52.52783,13.3739],
	"F-020664": [52.52186,13.37581],
	"F-020666": [52.52186,13.37581],
	"F-020669": [52.52186,13.37581],
	"F-020680": [52.51638,13.37889],
	"F-020690": [52.50939,13.37649],
	"F-020692": [52.50939,13.37649],
	"F-020978": [52.53744,13.39327],
	"F-020982": [52.50794,13.37784],
	"F-020985": [52.5075,13.3854],
	"F-020986": [52.50713,13.37926],
	"F-020987": [52.50743,13.38554],
	"F-020996": [52.50766,13.39035],
	"F-021005": [52.5049,13.41175],
	"F-021012": [52.50484,13.41476],
	"F-021014": [52.50484,13.41476],
	"F-021016": [52.50484,13.41476],
	"F-021026": [52.5051,13.42198],
	"F-021028": [52.5051,13.42198],
	"F-021030": [52.50641,13.42753],
	"F-021032": [52.50641,13.42753],
	"F-021033": [52.50641,13.42753],
	"F-021034": [52.50447,13.435],
	"F-021041": [52.49924,13.44539],
	"F-021051": [52.5199,13.31815],
	"F-021053": [52.49821,13.44723],
	"F-021058": [52.48954,13.43949],
	"F-021059": [52.48954,13.43949],
	"F-021062": [52.48954,13.43949],
	"F-021067": [52.4894,13.4402],
	"F-021069": [52.4881703258505,13.4428775310516],
	"F-021070": [52.489091477499,13.4467077255249],
	"F-021072": [52.489091477499,13.4467077255249],
	"F-021073": [52.48682,13.45122],
	"F-021074": [52.48682,13.45122],
	"F-021077": [52.4879939329085,13.4487676620483],
	"F-021079": [52.4857203605596,13.4581446647644],
	"F-021083": [52.4857203605596,13.4581446647644],
	"F-021085": [52.4857203605596,13.4581446647644],
	"F-021092": [52.4601999453409,13.454464673996],
	"F-021095": [52.4510861278327,13.4625434875488],
	"F-021107": [52.4229547772838,13.5258436203003],
	"F-021118": [52.4223397553059,13.5186338424683],
	"F-021133": [52.4045985677216,13.5106086730957],
	"F-021142": [52.42173,13.46156],
	"F-021143": [52.4177464475419,13.4495615959167],
	"F-021151": [52.50766,13.39035],
	"F-021203": [52.50766,13.39035]
}
